origem,cod_origem
"Colorado do Oeste, RO",1100064
"Costa Marques, RO",1100080
"Guajará-Mirim, RO",1100106
"Jaru, RO",1100114
"Ji-Paraná, RO",1100122
"Ouro Preto do Oeste, RO",1100155
"Pimenta Bueno, RO",1100189
"Porto Velho, RO",1100205
"Presidente Médici, RO",1100254
"Rolim de Moura, RO",1100288
"Vilhena, RO",1100304
"São Miguel do Guaporé, RO",1100320
"Nova Mamoré, RO",1100338
"Buritis, RO",1100452
"Novo Horizonte do Oeste, RO",1100502
"Itapuã do Oeste, RO",1101104
"Mirante da Serra, RO",1101302
"Monte Negro, RO",1101401
"Theobroma, RO",1101609
"Urupá, RO",1101708
"Vale do Anari, RO",1101757
"Acrelândia, AC",1200013
"Assis Brasil, AC",1200054
"Brasiléia, AC",1200104
"Capixaba, AC",1200179
"Cruzeiro do Sul, AC",1200203
"Feijó, AC",1200302
"Plácido de Castro, AC",1200385
"Rio Branco, AC",1200401
"Rodrigues Alves, AC",1200427
"Senador Guiomard, AC",1200450
"Sena Madureira, AC",1200500
"Tarauacá, AC",1200609
"Xapuri, AC",1200708
"Apuí, AM",1300144
"Boca do Acre, AM",1300706
"Itacoatiara, AM",1301902
"Lábrea, AM",1302405
"Manacapuru, AM",1302504
"Manaus, AM",1302603
"Novo Airão, AM",1303205
"Parintins, AM",1303403
"Presidente Figueiredo, AM",1303536
"Mucajaí, RR",1400308
"Rorainópolis, RR",1400472
"Abel Figueiredo, PA",1500131
"Anapu, PA",1500859
"Baião, PA",1501204
"Bragança, PA",1501709
"Capanema, PA",1502202
"Concórdia do Pará, PA",1502756
"Curionópolis, PA",1502772
"Curuçá, PA",1502905
"Garrafão do Norte, PA",1503077
"Marabá, PA",1504208
"Nova Esperança do Piriá, PA",1504950
"Óbidos, PA",1505106
"Pacajá, PA",1505486
"Rondon do Pará, PA",1506187
"Santa Luzia do Pará, PA",1506559
"São Félix do Xingu, PA",1507300
"São Geraldo do Araguaia, PA",1507458
"Aguiarnópolis, TO",1700301
"Alvorada, TO",1700707
"Arraias, TO",1702406
"Cachoeirinha, TO",1703826
"Chapada da Natividade, TO",1705102
"Cristalândia, TO",1706100
"Darcinópolis, TO",1706506
"Miracema do Tocantins, TO",1713205
"Nova Olinda, TO",1714880
"Palmeirante, TO",1715705
"Paraíso do Tocantins, TO",1716109
"Porto Nacional, TO",1718204
"Rio Sono, TO",1718758
"Silvanópolis, TO",1720655
"Tocantinópolis, TO",1721208
"Wanderlândia, TO",1722081
"Araguanã, MA",2100873
"Bom Jardim, MA",2102002
"Buritirana, MA",2102358
"Governador Newton Bello, MA",2104651
"Humberto de Campos, MA",2105005
"Itaipava do Grajaú, MA",2105351
"Junco do Maranhão, MA",2105658
"Lago dos Rodrigues, MA",2105948
"Luís Domingues, MA",2106201
"Olinda Nova do Maranhão, MA",2107456
"Pedro do Rosário, MA",2108256
"Pinheiro, MA",2108603
"Rosário, MA",2109601
"Santa Luzia, MA",2110005
"Santa Quitéria do Maranhão, MA",2110104
"São Bernardo, MA",2110609
"Senador La Rocque, MA",2111763
"Tasso Fragoso, MA",2112001
"Tuntum, MA",2112308
"Vitória do Mearim, MA",2112902
"Água Branca, PI",2200202
"Alvorada do Gurguéia, PI",2200459
"Bertolínia, PI",2201705
"Cajueiro da Praia, PI",2202083
"Esperantina, PI",2203701
"Ipiranga do Piauí, PI",2204808
"Marcos Parente, PI",2206001
"Miguel Alves, PI",2206209
"Monsenhor Gil, PI",2206407
"Nazaré do Piauí, PI",2206704
"Passagem Franca do Piauí, PI",2207751
"Redenção do Gurguéia, PI",2208700
"São Lourenço do Piauí, PI",2210359
"São Pedro do Piauí, PI",2210508
"Simões, PI",2210706
"Uruçuí, PI",2211209
"Aratuba, CE",2301406
"Barro, CE",2302008
"Bela Cruz, CE",2302305
"Boa Viagem, CE",2302404
"Capistrano, CE",2302909
"Carnaubal, CE",2303402
"Chorozinho, CE",2303956
"Cruz, CE",2304251
"Forquilha, CE",2304350
"Frecheirinha, CE",2304509
"Groaíras, CE",2304905
"Ibicuitinga, CE",2305332
"Ipaporanga, CE",2305654
"Ipueiras, CE",2305902
"Jaguaribara, CE",2306801
"Jardim, CE",2307106
"Madalena, CE",2307635
"Mulungu, CE",2309102
"Palmácia, CE",2310100
"Pires Ferreira, CE",2310951
"Potengi, CE",2311207
"Quixeramobim, CE",2311405
"Santa Quitéria, CE",2312205
"Tianguá, CE",2313401
"Parnamirim, RN",2403251
"Jucurutu, RN",2406106
"Nova Cruz, RN",2408300
"Riachuelo, RN",2410900
"Triunfo Potiguar, RN",2414456
"Várzea, RN",2414704
"Areia, PB",2501104
"Brejo do Cruz, PB",2502805
"Condado, PB",2504504
"Coremas, PB",2504801
"Dona Inês, PB",2505709
"Ibiara, PB",2506608
"Juazeirinho, PB",2507705
"Mamanguape, PB",2508901
"Mari, PB",2509107
"Serra Branca, PB",2515500
"Sumé, PB",2516300
"Agrestina, PE",2600302
"Calumbi, PE",2603405
"Custódia, PE",2605103
"Exu, PE",2605301
"Gravatá, PE",2606408
"Igarassu, PE",2606804
"Ipojuca, PE",2607208
"Orocó, PE",2609808
"Paudalho, PE",2610608
"Petrolina, PE",2611101
"Sanharó, PE",2612406
"Tacaimbó, PE",2614709
"Arapiraca, AL",2700300
"Barra de Santo Antônio, AL",2700508
"Belém, AL",2700805
"Junqueiro, AL",2704005
"Maragogi, AL",2704500
"Murici, AL",2705507
"Porto Calvo, AL",2707305
"Porto Real do Colégio, AL",2707503
"São José da Laje, AL",2708303
"São Sebastião, AL",2708808
"Teotônio Vilela, AL",2709152
"Acajutiba, BA",2900306
"Alagoinhas, BA",2900702
"Andorinha, BA",2901353
"Antas, BA",2901601
"Araçás, BA",2902054
"Aramari, BA",2902203
"Barra da Estiva, BA",2902807
"Barro Alto, BA",2903235
"Biritinga, BA",2903607
"Boa Vista do Tupim, BA",2903805
"Boquira, BA",2904100
"Brumado, BA",2904605
"Cansanção, BA",2906808
"Caraíbas, BA",2906899
"Castro Alves, BA",2907301
"Caturama, BA",2907558
"Cocos, BA",2908101
"Conceição do Almeida, BA",2908309
"Contendas do Sincorá, BA",2908804
"Crisópolis, BA",2909604
"Dom Basílio, BA",2910107
"Filadélfia, BA",2910859
"Guanambi, BA",2911709
"Ibicaraí, BA",2912103
"Ibipeba, BA",2912400
"Ibotirama, BA",2913200
"Igrapiúna, BA",2913457
"Ilhéus, BA",2913606
"Irará, BA",2914505
"Itaeté, BA",2915007
"Itaquara, BA",2916708
"João Dourado, BA",2918357
"Jussiape, BA",2918605
"Lajedinho, BA",2919009
"Lençóis, BA",2919306
"Livramento de Nossa Senhora, BA",2919504
"Maiquinique, BA",2920007
"Mansidão, BA",2920452
"Morpará, BA",2921609
"Mucugê, BA",2921906
"Mutuípe, BA",2922409
"Nova Fátima, BA",2922730
"Nova Viçosa, BA",2923001
"Novo Triunfo, BA",2923050
"Pindaí, BA",2924504
"Piritiba, BA",2924801
"Ponto Novo, BA",2925253
"Ribeirão do Largo, BA",2926657
"Salvador, BA",2927408
"Saubara, BA",2929750
"Serra Dourada, BA",2930303
"Tanhaçu, BA",2931004
"Tapiramutá, BA",2931301
"Ubaíra, BA",2932101
"Una, BA",2932507
"Utinga, BA",2932804
"Várzea do Poço, BA",2933109
"Xique-Xique, BA",2933604
"Alfenas, MG",3101607
"Alto Caparaó, MG",3102050
"Arantina, MG",3103603
"Barbacena, MG",3105608
"Bela Vista de Minas, MG",3106002
"Belo Horizonte, MG",3106200
"Betim, MG",3106705
"Biquinhas, MG",3107000
"Bom Jardim de Minas, MG",3107505
"Bom Jesus do Galho, MG",3107802
"Bom Sucesso, MG",3108008
"Botumirim, MG",3108503
"Brazópolis, MG",3108909
"Buenópolis, MG",3109204
"Caiana, MG",3110103
"Cambuquira, MG",3110707
"Campanha, MG",3110905
"Capitão Andrade, MG",3112653
"Caputira, MG",3112901
"Carbonita, MG",3113503
"Carmo de Minas, MG",3114105
"Carmo do Rio Claro, MG",3114402
"Central de Minas, MG",3115706
"Chapada Gaúcha, MG",3116159
"Chiador, MG",3116209
"Cipotânea, MG",3116308
"Claro dos Poções, MG",3116506
"Cláudio, MG",3116605
"Coimbra, MG",3116704
"Conceição da Aparecida, MG",3117108
"Conceição das Alagoas, MG",3117306
"Conceição do Mato Dentro, MG",3117504
"Conceição do Rio Verde, MG",3117702
"Confins, MG",3117876
"Congonhal, MG",3117900
"Congonhas, MG",3118007
"Congonhas do Norte, MG",3118106
"Conselheiro Lafaiete, MG",3118304
"Conselheiro Pena, MG",3118403
"Coqueiral, MG",3118700
"Cordislândia, MG",3119005
"Coromandel, MG",3119302
"Córrego Fundo, MG",3119955
"Cristália, MG",3120300
"Crucilândia, MG",3120607
"Datas, MG",3121001
"Diogo de Vasconcelos, MG",3121704
"Dionísio, MG",3121803
"Divino das Laranjeiras, MG",3122108
"Divisa Alegre, MG",3122355
"Dom Silvério, MG",3122702
"Dores de Campos, MG",3123007
"Espinosa, MG",3124302
"Francisco Dumont, MG",3126604
"Goianá, MG",3127388
"Guarani, MG",3128402
"Guaxupé, MG",3128709
"Guiricema, MG",3129004
"Ibiracatu, MG",3129657
"Igarapé, MG",3130101
"Inconfidentes, MG",3130606
"Inimutaba, MG",3131109
"Itacambira, MG",3132008
"Itaobim, MG",3133303
"Itaúna, MG",3133808
"Iturama, MG",3134400
"João Pinheiro, MG",3136306
"Josenópolis, MG",3136579
"Lagoa Dourada, MG",3137403
"Lima Duarte, MG",3138609
"Machado, MG",3139003
"Maravilhas, MG",3139706
"Martins Soares, MG",3140530
"Matipó, MG",3140902
"Mesquita, MG",3141702
"Mirabela, MG",3142007
"Moema, MG",3142403
"Monte Carmelo, MG",3143104
"Monte Santo de Minas, MG",3143203
"Muzambinho, MG",3144102
"Naque, MG",3144359
"Nova Lima, MG",3144805
"Nova Serrana, MG",3145208
"Novo Oriente de Minas, MG",3145356
"Ouro Verde de Minas, MG",3146206
"Paraguaçu, MG",3147204
"Paraisópolis, MG",3147303
"Passabém, MG",3147501
"Passa Tempo, MG",3147709
"Paulistas, MG",3148400
"Pedrinópolis, MG",3149200
"Piracema, MG",3150604
"Pitangui, MG",3151404
"Pocrane, MG",3151909
"Porteirinha, MG",3152204
"Prados, MG",3152709
"Presidente Juscelino, MG",3153202
"Presidente Olegário, MG",3153400
"Riacho dos Machados, MG",3154507
"Ribeirão Vermelho, MG",3154705
"Rio Espera, MG",3155207
"Sabará, MG",3156700
"Santa Bárbara, MG",3157203
"Santa Efigênia de Minas, MG",3157500
"Santa Helena de Minas, MG",3157658
"Santa Rita de Caldas, MG",3159209
"Santa Vitória, MG",3159803
"Santo Hipólito, MG",3160603
"São Francisco, MG",3161106
"São Francisco de Sales, MG",3161304
"São João da Lagoa, MG",3162252
"São João do Oriente, MG",3162609
"São João do Paraíso, MG",3162708
"São Pedro do Suaçuí, MG",3164100
"São Sebastião do Maranhão, MG",3164506
"São Sebastião do Paraíso, MG",3164704
"Sapucaí-Mirim, MG",3165404
"Serra dos Aimorés, MG",3166709
"Serro, MG",3167103
"Simonésia, MG",3167608
"Teixeiras, MG",3168507
"Tombos, MG",3169208
"Tupaciguara, MG",3169604
"Turvolândia, MG",3169802
"Uberlândia, MG",3170206
"Urucânia, MG",3170503
"Varginha, MG",3170701
"Várzea da Palma, MG",3170800
"Veríssimo, MG",3171105
"Alto Rio Novo, ES",3200359
"Boa Esperança, ES",3201001
"Domingos Martins, ES",3201902
"Ecoporanga, ES",3202108
"Ibatiba, ES",3202454
"Itaguaçu, ES",3202702
"Iúna, ES",3203007
"Jaguaré, ES",3203056
"Jerônimo Monteiro, ES",3203106
"João Neiva, ES",3203130
"Linhares, ES",3203205
"Mantenópolis, ES",3203304
"Marataízes, ES",3203320
"Marechal Floriano, ES",3203346
"Marilândia, ES",3203353
"Mimoso do Sul, ES",3203403
"Montanha, ES",3203502
"Mucurici, ES",3203601
"Muniz Freire, ES",3203700
"Muqui, ES",3203809
"Nova Venécia, ES",3203908
"Pancas, ES",3204005
"Pinheiros, ES",3204104
"Piúma, ES",3204203
"Ponto Belo, ES",3204252
"Rio Bananal, ES",3204351
"Rio Novo do Sul, ES",3204401
"São Domingos do Norte, ES",3204658
"São Gabriel da Palha, ES",3204708
"São José do Calçado, ES",3204807
"São Mateus, ES",3204906
"Serra, ES",3205002
"Sooretama, ES",3205010
"Vargem Alta, ES",3205036
"Venda Nova do Imigrante, ES",3205069
"Viana, ES",3205101
"Vila Pavão, ES",3205150
"Vila Velha, ES",3205200
"Vitória, ES",3205309
"Angra dos Reis, RJ",3300100
"Aperibé, RJ",3300159
"Araruama, RJ",3300209
"Areal, RJ",3300225
"Arraial do Cabo, RJ",3300258
"Barra Mansa, RJ",3300407
"Belford Roxo, RJ",3300456
"Bom Jardim, RJ",3300506
"Bom Jesus do Itabapoana, RJ",3300605
"Cabo Frio, RJ",3300704
"Carapebus, RJ",3300936
"Comendador Levy Gasparian, RJ",3300951
"Campos dos Goytacazes, RJ",3301009
"Cantagalo, RJ",3301108
"Cardoso Moreira, RJ",3301157
"Carmo, RJ",3301207
"Casimiro de Abreu, RJ",3301306
"Conceição de Macabu, RJ",3301405
"Cordeiro, RJ",3301504
"Duque de Caxias, RJ",3301702
"Engenheiro Paulo de Frontin, RJ",3301801
"Guapimirim, RJ",3301850
"Iguaba Grande, RJ",3301876
"Itaboraí, RJ",3301900
"Itaguaí, RJ",3302007
"Italva, RJ",3302056
"Itaocara, RJ",3302106
"Itaperuna, RJ",3302205
"Itatiaia, RJ",3302254
"Japeri, RJ",3302270
"Macaé, RJ",3302403
"Macuco, RJ",3302452
"Magé, RJ",3302502
"Mangaratiba, RJ",3302601
"Maricá, RJ",3302700
"Mendes, RJ",3302809
"Miguel Pereira, RJ",3302908
"Miracema, RJ",3303005
"Natividade, RJ",3303104
"Nilópolis, RJ",3303203
"Niterói, RJ",3303302
"Nova Friburgo, RJ",3303401
"Nova Iguaçu, RJ",3303500
"Paracambi, RJ",3303609
"Paraíba do Sul, RJ",3303708
"Paraty, RJ",3303807
"Paty do Alferes, RJ",3303856
"Petrópolis, RJ",3303906
"Piraí, RJ",3304003
"Porciúncula, RJ",3304102
"Queimados, RJ",3304144
"Quissamã, RJ",3304151
"Resende, RJ",3304201
"Rio Bonito, RJ",3304300
"Rio Claro, RJ",3304409
"Rio das Flores, RJ",3304508
"Rio das Ostras, RJ",3304524
"Rio de Janeiro, RJ",3304557
"Santa Maria Madalena, RJ",3304607
"Santo Antônio de Pádua, RJ",3304706
"São Francisco de Itabapoana, RJ",3304755
"São Fidélis, RJ",3304805
"São João da Barra, RJ",3305000
"São João de Meriti, RJ",3305109
"São José de Ubá, RJ",3305133
"São Pedro da Aldeia, RJ",3305208
"Sapucaia, RJ",3305406
"Saquarema, RJ",3305505
"Seropédica, RJ",3305554
"Sumidouro, RJ",3305703
"Tanguá, RJ",3305752
"Teresópolis, RJ",3305802
"Três Rios, RJ",3306008
"Valença, RJ",3306107
"Vassouras, RJ",3306206
"Volta Redonda, RJ",3306305
"Aguaí, SP",3500303
"Águas da Prata, SP",3500402
"Águas de Santa Bárbara, SP",3500550
"Águas de São Pedro, SP",3500600
"Altinópolis, SP",3501004
"Alumínio, SP",3501152
"Álvares Machado, SP",3501301
"Alvinlândia, SP",3501509
"Americana, SP",3501608
"Américo Brasiliense, SP",3501707
"Amparo, SP",3501905
"Analândia, SP",3502002
"Andradina, SP",3502101
"Angatuba, SP",3502200
"Anhembi, SP",3502309
"Aparecida, SP",3502507
"Apiaí, SP",3502705
"Araçariguama, SP",3502754
"Araçatuba, SP",3502804
"Araçoiaba da Serra, SP",3502903
"Aramina, SP",3503000
"Arandu, SP",3503109
"Arapeí, SP",3503158
"Araraquara, SP",3503208
"Araras, SP",3503307
"Areias, SP",3503505
"Areiópolis, SP",3503604
"Ariranha, SP",3503703
"Artur Nogueira, SP",3503802
"Arujá, SP",3503901
"Assis, SP",3504008
"Atibaia, SP",3504107
"Auriflama, SP",3504206
"Avaí, SP",3504305
"Avanhandava, SP",3504404
"Avaré, SP",3504503
"Bálsamo, SP",3504800
"Bananal, SP",3504909
"Barão de Antonina, SP",3505005
"Bariri, SP",3505203
"Barra Bonita, SP",3505302
"Barretos, SP",3505500
"Barrinha, SP",3505609
"Barueri, SP",3505708
"Bastos, SP",3505807
"Batatais, SP",3505906
"Bauru, SP",3506003
"Bebedouro, SP",3506102
"Bento de Abreu, SP",3506201
"Bernardino de Campos, SP",3506300
"Bertioga, SP",3506359
"Birigui, SP",3506508
"Boa Esperança do Sul, SP",3506706
"Boituva, SP",3507001
"Bom Jesus dos Perdões, SP",3507100
"Boracéia, SP",3507308
"Borborema, SP",3507407
"Botucatu, SP",3507506
"Bragança Paulista, SP",3507605
"Brodowski, SP",3507803
"Brotas, SP",3507902
"Buri, SP",3508009
"Buritizal, SP",3508207
"Cabreúva, SP",3508405
"Caçapava, SP",3508504
"Cachoeira Paulista, SP",3508603
"Caconde, SP",3508702
"Cafelândia, SP",3508801
"Caiuá, SP",3509106
"Cajati, SP",3509254
"Cajuru, SP",3509403
"Campina do Monte Alegre, SP",3509452
"Campinas, SP",3509502
"Campo Limpo Paulista, SP",3509601
"Campos do Jordão, SP",3509700
"Cananéia, SP",3509908
"Canas, SP",3509957
"Cândido Mota, SP",3510005
"Canitar, SP",3510153
"Capão Bonito, SP",3510203
"Capela do Alto, SP",3510302
"Capivari, SP",3510401
"Caraguatatuba, SP",3510500
"Cardoso, SP",3510708
"Casa Branca, SP",3510807
"Castilho, SP",3511003
"Catanduva, SP",3511102
"Cerqueira César, SP",3511409
"Cerquilho, SP",3511508
"Cesário Lange, SP",3511607
"Charqueada, SP",3511706
"Colina, SP",3512001
"Conchal, SP",3512209
"Conchas, SP",3512308
"Cordeirópolis, SP",3512407
"Coroados, SP",3512506
"Coronel Macedo, SP",3512605
"Cosmópolis, SP",3512803
"Cosmorama, SP",3512902
"Cotia, SP",3513009
"Cravinhos, SP",3513108
"Cristais Paulista, SP",3513207
"Cruzeiro, SP",3513405
"Cubatão, SP",3513504
"Diadema, SP",3513801
"Divinolândia, SP",3513900
"Dois Córregos, SP",3514106
"Dolcinópolis, SP",3514205
"Dourado, SP",3514304
"Dracena, SP",3514403
"Duartina, SP",3514502
"Echaporã, SP",3514700
"Eldorado, SP",3514809
"Elias Fausto, SP",3514908
"Embu das Artes, SP",3515004
"Engenheiro Coelho, SP",3515152
"Espírito Santo do Pinhal, SP",3515186
"Espírito Santo do Turvo, SP",3515194
"Estrela do Norte, SP",3515301
"Fartura, SP",3515400
"Fernandópolis, SP",3515509
"Ferraz de Vasconcelos, SP",3515707
"Floreal, SP",3515905
"Flórida Paulista, SP",3516002
"Florínea, SP",3516101
"Gália, SP",3516606
"Garça, SP",3516705
"Gavião Peixoto, SP",3516853
"General Salgado, SP",3516903
"Getulina, SP",3517000
"Glicério, SP",3517109
"Guaiçara, SP",3517208
"Guaimbê, SP",3517307
"Guaíra, SP",3517406
"Guapiara, SP",3517604
"Guará, SP",3517703
"Guaraçaí, SP",3517802
"Guaraci, SP",3517901
"Guarantã, SP",3518107
"Guararapes, SP",3518206
"Guararema, SP",3518305
"Guaratinguetá, SP",3518404
"Guareí, SP",3518503
"Guarujá, SP",3518701
"Guarulhos, SP",3518800
"Guzolândia, SP",3518909
"Herculândia, SP",3519006
"Hortolândia, SP",3519071
"Iacanga, SP",3519105
"Iacri, SP",3519204
"Iaras, SP",3519253
"Ibaté, SP",3519303
"Ibirá, SP",3519402
"Ibirarema, SP",3519501
"Ibitinga, SP",3519600
"Ibiúna, SP",3519709
"Icém, SP",3519808
"Iepê, SP",3519907
"Igaraçu do Tietê, SP",3520004
"Igarapava, SP",3520103
"Iguape, SP",3520301
"Ilhabela, SP",3520400
"Ilha Comprida, SP",3520426
"Ilha Solteira, SP",3520442
"Indaiatuba, SP",3520509
"Indiaporã, SP",3520707
"Inúbia Paulista, SP",3520806
"Ipaussu, SP",3520905
"Ipeúna, SP",3521101
"Iporanga, SP",3521200
"Ipuã, SP",3521309
"Iracemápolis, SP",3521408
"Irapuru, SP",3521606
"Itaberá, SP",3521705
"Itaí, SP",3521804
"Itanhaém, SP",3522109
"Itapetininga, SP",3522307
"Itapeva, SP",3522406
"Itapevi, SP",3522505
"Itapira, SP",3522604
"Itápolis, SP",3522703
"Itaporanga, SP",3522802
"Itapuí, SP",3522901
"Itapura, SP",3523008
"Itatiba, SP",3523404
"Itatinga, SP",3523503
"Itirapina, SP",3523602
"Itobi, SP",3523800
"Itu, SP",3523909
"Itupeva, SP",3524006
"Ituverava, SP",3524105
"Jaboticabal, SP",3524303
"Jacareí, SP",3524402
"Jacupiranga, SP",3524600
"Jaguariúna, SP",3524709
"Jales, SP",3524808
"Jambeiro, SP",3524907
"Jandira, SP",3525003
"Jarinu, SP",3525201
"Jaú, SP",3525300
"Joanópolis, SP",3525508
"João Ramalho, SP",3525607
"José Bonifácio, SP",3525706
"Jundiaí, SP",3525904
"Junqueirópolis, SP",3526001
"Juquiá, SP",3526100
"Juquitiba, SP",3526209
"Laranjal Paulista, SP",3526407
"Lavínia, SP",3526506
"Lavrinhas, SP",3526605
"Leme, SP",3526704
"Lençóis Paulista, SP",3526803
"Limeira, SP",3526902
"Lindóia, SP",3527009
"Lins, SP",3527108
"Lorena, SP",3527207
"Louveira, SP",3527306
"Lucélia, SP",3527405
"Lupércio, SP",3527801
"Lutécia, SP",3527900
"Macaubal, SP",3528106
"Magda, SP",3528304
"Mairinque, SP",3528403
"Mairiporã, SP",3528502
"Manduri, SP",3528601
"Marabá Paulista, SP",3528700
"Maracaí, SP",3528809
"Marília, SP",3529005
"Martinópolis, SP",3529203
"Matão, SP",3529302
"Mauá, SP",3529401
"Miguelópolis, SP",3529708
"Miracatu, SP",3529906
"Mira Estrela, SP",3530003
"Mirassol, SP",3530300
"Mococa, SP",3530508
"Mogi das Cruzes, SP",3530607
"Mogi Guaçu, SP",3530706
"Mombuca, SP",3530904
"Mongaguá, SP",3531100
"Monte Alegre do Sul, SP",3531209
"Monte Alto, SP",3531308
"Monte Aprazível, SP",3531407
"Monte Castelo, SP",3531605
"Monteiro Lobato, SP",3531704
"Monte Mor, SP",3531803
"Morro Agudo, SP",3531902
"Morungaba, SP",3532009
"Murutinga do Sul, SP",3532108
"Nantes, SP",3532157
"Nazaré Paulista, SP",3532405
"Nhandeara, SP",3532603
"Nova Europa, SP",3532900
"Nova Granada, SP",3533007
"Nova Guataporanga, SP",3533106
"Nova Independência, SP",3533205
"Nova Odessa, SP",3533403
"Novo Horizonte, SP",3533502
"Nuporanga, SP",3533601
"Ocauçu, SP",3533700
"Olímpia, SP",3533908
"Onda Verde, SP",3534005
"Oriente, SP",3534104
"Orindiúva, SP",3534203
"Orlândia, SP",3534302
"Osasco, SP",3534401
"Oscar Bressane, SP",3534500
"Osvaldo Cruz, SP",3534609
"Ourinhos, SP",3534708
"Ouroeste, SP",3534757
"Ouro Verde, SP",3534807
"Pacaembu, SP",3534906
"Palestina, SP",3535002
"Palmares Paulista, SP",3535101
"Palmital, SP",3535309
"Panorama, SP",3535408
"Paraguaçu Paulista, SP",3535507
"Paraibuna, SP",3535606
"Paranapuã, SP",3535903
"Parapuã, SP",3536000
"Pariquera-Açu, SP",3536208
"Patrocínio Paulista, SP",3536307
"Paulicéia, SP",3536406
"Paulínia, SP",3536505
"Paulo de Faria, SP",3536604
"Pedregulho, SP",3537008
"Pedro de Toledo, SP",3537206
"Penápolis, SP",3537305
"Pereira Barreto, SP",3537404
"Pereiras, SP",3537503
"Peruíbe, SP",3537602
"Piedade, SP",3537800
"Pilar do Sul, SP",3537909
"Pindamonhangaba, SP",3538006
"Pindorama, SP",3538105
"Pinhalzinho, SP",3538204
"Piquerobi, SP",3538303
"Piquete, SP",3538501
"Piracaia, SP",3538600
"Piracicaba, SP",3538709
"Piraju, SP",3538808
"Pirajuí, SP",3538907
"Pirangi, SP",3539004
"Pirapozinho, SP",3539202
"Pirassununga, SP",3539301
"Piratininga, SP",3539400
"Pitangueiras, SP",3539509
"Poá, SP",3539806
"Poloni, SP",3539905
"Pompéia, SP",3540002
"Pontalinda, SP",3540259
"Porangaba, SP",3540507
"Porto Feliz, SP",3540606
"Porto Ferreira, SP",3540705
"Praia Grande, SP",3541000
"Presidente Alves, SP",3541109
"Presidente Epitácio, SP",3541307
"Presidente Prudente, SP",3541406
"Presidente Venceslau, SP",3541505
"Promissão, SP",3541604
"Quadra, SP",3541653
"Quatá, SP",3541703
"Queluz, SP",3541901
"Quintana, SP",3542008
"Rancharia, SP",3542206
"Regente Feijó, SP",3542404
"Reginópolis, SP",3542503
"Registro, SP",3542602
"Ribeira, SP",3542800
"Ribeirão Bonito, SP",3542909
"Ribeirão Grande, SP",3543253
"Ribeirão Pires, SP",3543303
"Ribeirão Preto, SP",3543402
"Rinópolis, SP",3543808
"Rio Claro, SP",3543907
"Rio das Pedras, SP",3544004
"Riolândia, SP",3544202
"Rosana, SP",3544251
"Roseira, SP",3544301
"Salesópolis, SP",3545001
"Saltinho, SP",3545159
"Salto, SP",3545209
"Salto de Pirapora, SP",3545308
"Salto Grande, SP",3545407
"Santa Adélia, SP",3545605
"Santa Albertina, SP",3545704
"Santa Branca, SP",3546009
"Santa Cruz da Esperança, SP",3546256
"Santa Cruz das Palmeiras, SP",3546306
"Santa Cruz do Rio Pardo, SP",3546405
"Santa Fé do Sul, SP",3546603
"Santa Isabel, SP",3546801
"Santa Maria da Serra, SP",3547007
"Santa Mercedes, SP",3547106
"Santana da Ponte Pensa, SP",3547205
"Santa Rosa de Viterbo, SP",3547601
"Santa Salete, SP",3547650
"Santo Anastácio, SP",3547700
"Santo André, SP",3547809
"Santo Antônio da Alegria, SP",3547908
"Santo Antônio do Jardim, SP",3548104
"Santo Antônio do Pinhal, SP",3548203
"Santos, SP",3548500
"São Bento do Sapucaí, SP",3548609
"São Bernardo do Campo, SP",3548708
"São Caetano do Sul, SP",3548807
"São Carlos, SP",3548906
"São João da Boa Vista, SP",3549102
"São Joaquim da Barra, SP",3549409
"São José da Bela Vista, SP",3549508
"São José do Rio Pardo, SP",3549706
"São José do Rio Preto, SP",3549805
"São José dos Campos, SP",3549904
"São Lourenço da Serra, SP",3549953
"São Manuel, SP",3550100
"São Miguel Arcanjo, SP",3550209
"São Paulo, SP",3550308
"São Pedro, SP",3550407
"São Roque, SP",3550605
"São Sebastião, SP",3550704
"São Sebastião da Grama, SP",3550803
"São Simão, SP",3550902
"São Vicente, SP",3551009
"Sarapuí, SP",3551108
"Sarutaiá, SP",3551207
"Sebastianópolis do Sul, SP",3551306
"Serrana, SP",3551504
"Serra Negra, SP",3551603
"Sertãozinho, SP",3551702
"Sete Barras, SP",3551801
"Severínia, SP",3551900
"Silveiras, SP",3552007
"Socorro, SP",3552106
"Sorocaba, SP",3552205
"Sud Mennucci, SP",3552304
"Sumaré, SP",3552403
"Suzano, SP",3552502
"Tabatinga, SP",3552700
"Taboão da Serra, SP",3552809
"Taguaí, SP",3553005
"Tambaú, SP",3553302
"Tanabi, SP",3553401
"Tapiraí, SP",3553500
"Tapiratiba, SP",3553609
"Taquaritinga, SP",3553708
"Taquarituba, SP",3553807
"Taquarivaí, SP",3553856
"Tarabai, SP",3553906
"Tarumã, SP",3553955
"Tatuí, SP",3554003
"Taubaté, SP",3554102
"Teodoro Sampaio, SP",3554300
"Tietê, SP",3554508
"Torre de Pedra, SP",3554656
"Torrinha, SP",3554706
"Trabiju, SP",3554755
"Tremembé, SP",3554805
"Três Fronteiras, SP",3554904
"Tuiuti, SP",3554953
"Tupã, SP",3555000
"Tupi Paulista, SP",3555109
"Turmalina, SP",3555307
"Ubatuba, SP",3555406
"Ubirajara, SP",3555505
"Urânia, SP",3555802
"Urupês, SP",3556008
"Valinhos, SP",3556206
"Valparaíso, SP",3556305
"Vargem Grande do Sul, SP",3556404
"Várzea Paulista, SP",3556503
"Vera Cruz, SP",3556602
"Vinhedo, SP",3556701
"Viradouro, SP",3556800
"Vista Alegre do Alto, SP",3556909
"Votuporanga, SP",3557105
"Chavantes, SP",3557204
"Abatiá, PR",4100103
"Adrianópolis, PR",4100202
"Altônia, PR",4100509
"Alto Paraná, PR",4100608
"Alto Piquiri, PR",4100707
"Ampére, PR",4101002
"Andirá, PR",4101101
"Ângulo, PR",4101150
"Antonina, PR",4101200
"Apucarana, PR",4101408
"Arapongas, PR",4101507
"Arapoti, PR",4101606
"Araucária, PR",4101804
"Assaí, PR",4101903
"Assis Chateaubriand, PR",4102000
"Astorga, PR",4102109
"Atalaia, PR",4102208
"Bandeirantes, PR",4102406
"Barbosa Ferraz, PR",4102505
"Barracão, PR",4102604
"Barra do Jacaré, PR",4102703
"Bela Vista do Paraíso, PR",4102802
"Bituruna, PR",4102901
"Bocaiúva do Sul, PR",4103107
"Bom Sucesso, PR",4103206
"Borrazópolis, PR",4103305
"Brasilândia do Sul, PR",4103370
"Cafeara, PR",4103404
"Cafelândia, PR",4103453
"Cafezal do Sul, PR",4103479
"Califórnia, PR",4103503
"Cambará, PR",4103602
"Cambé, PR",4103701
"Cambira, PR",4103800
"Campina da Lagoa, PR",4103909
"Campo Bonito, PR",4104055
"Campo do Tenente, PR",4104105
"Campo Largo, PR",4104204
"Campo Mourão, PR",4104303
"Candói, PR",4104428
"Cantagalo, PR",4104451
"Capanema, PR",4104501
"Capitão Leônidas Marques, PR",4104600
"Carambeí, PR",4104659
"Carlópolis, PR",4104709
"Cascavel, PR",4104808
"Castro, PR",4104907
"Catanduvas, PR",4105003
"Centenário do Sul, PR",4105102
"Cerro Azul, PR",4105201
"Céu Azul, PR",4105300
"Chopinzinho, PR",4105409
"Cianorte, PR",4105508
"Clevelândia, PR",4105706
"Colorado, PR",4105904
"Congonhinhas, PR",4106001
"Conselheiro Mairinck, PR",4106100
"Contenda, PR",4106209
"Corbélia, PR",4106308
"Cornélio Procópio, PR",4106407
"Cruzeiro do Oeste, PR",4106605
"Cruzeiro do Sul, PR",4106704
"Cruz Machado, PR",4106803
"Cruzmaltina, PR",4106852
"Curitiba, PR",4106902
"Curiúva, PR",4107009
"Diamante do Norte, PR",4107108
"Dois Vizinhos, PR",4107207
"Enéas Marques, PR",4107405
"Entre Rios do Oeste, PR",4107538
"Espigão Alto do Iguaçu, PR",4107546
"Farol, PR",4107553
"Faxinal, PR",4107603
"Fazenda Rio Grande, PR",4107652
"Fênix, PR",4107702
"Fernandes Pinheiro, PR",4107736
"Figueira, PR",4107751
"Flor da Serra do Sul, PR",4107850
"Floresta, PR",4107900
"Florestópolis, PR",4108007
"Formosa do Oeste, PR",4108205
"Foz do Iguaçu, PR",4108304
"Francisco Alves, PR",4108320
"Francisco Beltrão, PR",4108403
"Foz do Jordão, PR",4108452
"General Carneiro, PR",4108502
"Godoy Moreira, PR",4108551
"Goioerê, PR",4108601
"Grandes Rios, PR",4108700
"Guaíra, PR",4108809
"Guairaçá, PR",4108908
"Guamiranga, PR",4108957
"Guapirama, PR",4109005
"Guaraci, PR",4109203
"Guaraniaçu, PR",4109302
"Guarapuava, PR",4109401
"Guaraqueçaba, PR",4109500
"Guaratuba, PR",4109609
"Ibaiti, PR",4109708
"Ibema, PR",4109757
"Ibiporã, PR",4109807
"Icaraíma, PR",4109906
"Iguaraçu, PR",4110003
"Imbaú, PR",4110078
"Imbituva, PR",4110102
"Inácio Martins, PR",4110201
"Inajá, PR",4110300
"Ipiranga, PR",4110508
"Iporã, PR",4110607
"Iracema do Oeste, PR",4110656
"Irati, PR",4110706
"Iretama, PR",4110805
"Itaguajé, PR",4110904
"Itaipulândia, PR",4110953
"Itaúna do Sul, PR",4111308
"Ivaí, PR",4111407
"Ivaiporã, PR",4111506
"Jaboti, PR",4111704
"Jacarezinho, PR",4111803
"Jaguapitã, PR",4111902
"Jaguariaíva, PR",4112009
"Jandaia do Sul, PR",4112108
"Janiópolis, PR",4112207
"Japira, PR",4112306
"Jardim Alegre, PR",4112504
"Jardim Olinda, PR",4112603
"Jataizinho, PR",4112702
"Jesuítas, PR",4112751
"Joaquim Távora, PR",4112801
"Juranda, PR",4112959
"Jussara, PR",4113007
"Kaloré, PR",4113106
"Lapa, PR",4113205
"Laranjal, PR",4113254
"Laranjeiras do Sul, PR",4113304
"Lidianópolis, PR",4113429
"Lindoeste, PR",4113452
"Loanda, PR",4113502
"Lobato, PR",4113601
"Londrina, PR",4113700
"Luiziana, PR",4113734
"Lunardelli, PR",4113759
"Lupionópolis, PR",4113809
"Mallet, PR",4113908
"Mamborê, PR",4114005
"Mandaguaçu, PR",4114104
"Mandaguari, PR",4114203
"Mandirituba, PR",4114302
"Mangueirinha, PR",4114401
"Manoel Ribas, PR",4114500
"Marechal Cândido Rondon, PR",4114609
"Marialva, PR",4114807
"Marilândia do Sul, PR",4114906
"Mariluz, PR",4115101
"Maringá, PR",4115200
"Mariópolis, PR",4115309
"Maripá, PR",4115358
"Marmeleiro, PR",4115408
"Marquinho, PR",4115457
"Marumbi, PR",4115507
"Matelândia, PR",4115606
"Matinhos, PR",4115705
"Mauá da Serra, PR",4115754
"Medianeira, PR",4115804
"Mercedes, PR",4115853
"Missal, PR",4116059
"Moreira Sales, PR",4116109
"Morretes, PR",4116208
"Munhoz de Melo, PR",4116307
"Nossa Senhora das Graças, PR",4116406
"Nova Aurora, PR",4116703
"Nova Cantu, PR",4116802
"Nova Esperança, PR",4116901
"Nova Londrina, PR",4117107
"Nova Santa Bárbara, PR",4117214
"Nova Santa Rosa, PR",4117222
"Nova Prata do Iguaçu, PR",4117255
"Nova Tebas, PR",4117271
"Ortigueira, PR",4117305
"Paiçandu, PR",4117503
"Palmas, PR",4117602
"Palmeira, PR",4117701
"Palotina, PR",4117909
"Paraíso do Norte, PR",4118006
"Paranacity, PR",4118105
"Paranaguá, PR",4118204
"Paranapoema, PR",4118303
"Paranavaí, PR",4118402
"Pato Bragado, PR",4118451
"Pato Branco, PR",4118501
"Paulo Frontin, PR",4118709
"Peabiru, PR",4118808
"Perobal, PR",4118857
"Pérola, PR",4118907
"Pérola d'Oeste, PR",4119004
"Pinhais, PR",4119152
"Pinhalão, PR",4119202
"Pinhão, PR",4119301
"Piraí do Sul, PR",4119400
"Pitanga, PR",4119608
"Pitangueiras, PR",4119657
"Planaltina do Paraná, PR",4119707
"Planalto, PR",4119806
"Ponta Grossa, PR",4119905
"Pontal do Paraná, PR",4119954
"Porecatu, PR",4120002
"Porto Amazonas, PR",4120101
"Porto Rico, PR",4120200
"Porto Vitória, PR",4120309
"Prado Ferreira, PR",4120333
"Pranchita, PR",4120358
"Presidente Castelo Branco, PR",4120408
"Prudentópolis, PR",4120606
"Quarto Centenário, PR",4120655
"Quatiguá, PR",4120705
"Quatro Barras, PR",4120804
"Quatro Pontes, PR",4120853
"Quedas do Iguaçu, PR",4120903
"Querência do Norte, PR",4121000
"Quinta do Sol, PR",4121109
"Quitandinha, PR",4121208
"Realeza, PR",4121406
"Rebouças, PR",4121505
"Renascença, PR",4121604
"Reserva, PR",4121703
"Reserva do Iguaçu, PR",4121752
"Ribeirão Claro, PR",4121802
"Ribeirão do Pinhal, PR",4121901
"Rio Azul, PR",4122008
"Rio Bom, PR",4122107
"Rio Bonito do Iguaçu, PR",4122156
"Rio Branco do Ivaí, PR",4122172
"Rio Branco do Sul, PR",4122206
"Rio Negro, PR",4122305
"Roncador, PR",4122503
"Rondon, PR",4122602
"Rosário do Ivaí, PR",4122651
"Sabáudia, PR",4122701
"Salto do Itararé, PR",4122909
"Salto do Lontra, PR",4123006
"Santa Amélia, PR",4123105
"Santa Cecília do Pavão, PR",4123204
"Santa Fé, PR",4123402
"Santa Helena, PR",4123501
"Santa Izabel do Oeste, PR",4123808
"Santa Lúcia, PR",4123824
"Santa Maria do Oeste, PR",4123857
"Santana do Itararé, PR",4124004
"Santa Terezinha de Itaipu, PR",4124053
"Santo Antônio da Platina, PR",4124103
"Santo Antônio do Paraíso, PR",4124301
"Santo Inácio, PR",4124509
"São Jerônimo da Serra, PR",4124707
"São João, PR",4124806
"São João do Ivaí, PR",4125001
"São João do Triunfo, PR",4125100
"São Jorge d'Oeste, PR",4125209
"São Jorge do Patrocínio, PR",4125357
"São Manoel do Paraná, PR",4125555
"São Mateus do Sul, PR",4125605
"São Miguel do Iguaçu, PR",4125704
"São Pedro do Iguaçu, PR",4125753
"São Pedro do Ivaí, PR",4125803
"São Sebastião da Amoreira, PR",4126009
"Sapopema, PR",4126207
"Sarandi, PR",4126256
"Saudade do Iguaçu, PR",4126272
"Sengés, PR",4126306
"Sertanópolis, PR",4126504
"Siqueira Campos, PR",4126603
"Tamarana, PR",4126678
"Tapejara, PR",4126801
"Teixeira Soares, PR",4127007
"Telêmaco Borba, PR",4127106
"Terra Boa, PR",4127205
"Terra Roxa, PR",4127403
"Tibagi, PR",4127502
"Toledo, PR",4127700
"Tomazina, PR",4127809
"Três Barras do Paraná, PR",4127858
"Tunas do Paraná, PR",4127882
"Tuneiras do Oeste, PR",4127908
"Tupãssi, PR",4127957
"Turvo, PR",4127965
"Ubiratã, PR",4128005
"Umuarama, PR",4128104
"União da Vitória, PR",4128203
"Uniflor, PR",4128302
"Uraí, PR",4128401
"Wenceslau Braz, PR",4128500
"Ventania, PR",4128534
"Vera Cruz do Oeste, PR",4128559
"Verê, PR",4128609
"Alto Paraíso, PR",4128625
"Doutor Ulysses, PR",4128633
"Virmond, PR",4128658
"Vitorino, PR",4128708
"Xambrê, PR",4128807
"Abelardo Luz, SC",4200101
"Água Doce, SC",4200408
"Águas Mornas, SC",4200606
"Alfredo Wagner, SC",4200705
"Alto Bela Vista, SC",4200754
"Anchieta, SC",4200804
"Apiúna, SC",4201257
"Araquari, SC",4201307
"Araranguá, SC",4201406
"Ascurra, SC",4201703
"Balneário Camboriú, SC",4202008
"Barra Bonita, SC",4202099
"Barra Velha, SC",4202107
"Benedito Novo, SC",4202206
"Biguaçu, SC",4202305
"Blumenau, SC",4202404
"Bocaina do Sul, SC",4202438
"Brusque, SC",4202909
"Caçador, SC",4203006
"Calmon, SC",4203154
"Capão Alto, SC",4203253
"Campo Alegre, SC",4203303
"Campo Erê, SC",4203501
"Campos Novos, SC",4203600
"Canelinha, SC",4203709
"Canoinhas, SC",4203808
"Capinzal, SC",4203907
"Catanduvas, SC",4204004
"Caxambu do Sul, SC",4204103
"Chapecó, SC",4204202
"Concórdia, SC",4204301
"Coronel Freitas, SC",4204400
"Corupá, SC",4204509
"Correia Pinto, SC",4204558
"Criciúma, SC",4204608
"Cunha Porã, SC",4204707
"Curitibanos, SC",4204806
"Dionísio Cerqueira, SC",4205001
"Erval Velho, SC",4205209
"Faxinal dos Guedes, SC",4205308
"Florianópolis, SC",4205407
"Formosa do Sul, SC",4205431
"Fraiburgo, SC",4205506
"Galvão, SC",4205605
"Garopaba, SC",4205704
"Garuva, SC",4205803
"Gaspar, SC",4205902
"Grão-Pará, SC",4206108
"Gravatal, SC",4206207
"Guaraciaba, SC",4206405
"Guaramirim, SC",4206504
"Guarujá do Sul, SC",4206603
"Guatambú, SC",4206652
"Ibiam, SC",4206751
"Ibicaré, SC",4206801
"Ibirama, SC",4206900
"Ilhota, SC",4207106
"Imbituba, SC",4207304
"Imbuia, SC",4207403
"Indaial, SC",4207502
"Iomerê, SC",4207577
"Ipira, SC",4207601
"Iporã do Oeste, SC",4207650
"Ipuaçu, SC",4207684
"Irani, SC",4207809
"Irineópolis, SC",4207908
"Itaiópolis, SC",4208104
"Itajaí, SC",4208203
"Itapema, SC",4208302
"Itapiranga, SC",4208401
"Itapoá, SC",4208450
"Jaborá, SC",4208609
"Jaraguá do Sul, SC",4208906
"Joaçaba, SC",4209003
"Joinville, SC",4209102
"Lacerdópolis, SC",4209201
"Lages, SC",4209300
"Laurentino, SC",4209508
"Lauro Müller, SC",4209607
"Lebon Régis, SC",4209706
"Lontras, SC",4209904
"Luzerna, SC",4210035
"Mafra, SC",4210100
"Maravilha, SC",4210506
"Massaranduba, SC",4210605
"Matos Costa, SC",4210704
"Mondaí, SC",4211009
"Monte Carlo, SC",4211058
"Monte Castelo, SC",4211108
"Navegantes, SC",4211306
"Nova Erechim, SC",4211405
"Nova Trento, SC",4211504
"Novo Horizonte, SC",4211652
"Orleans, SC",4211702
"Otacílio Costa, SC",4211751
"Palhoça, SC",4211900
"Palma Sola, SC",4212007
"Palmeira, SC",4212056
"Palmitos, SC",4212106
"Papanduva, SC",4212205
"Paraíso, SC",4212239
"Penha, SC",4212502
"Peritiba, SC",4212601
"Pinhalzinho, SC",4212908
"Pinheiro Preto, SC",4213005
"Piratuba, SC",4213104
"Planalto Alegre, SC",4213153
"Pomerode, SC",4213203
"Ponte Alta, SC",4213302
"Ponte Alta do Norte, SC",4213351
"Ponte Serrada, SC",4213401
"Porto Belo, SC",4213500
"Rancho Queimado, SC",4214300
"Rio das Antas, SC",4214409
"Rio do Oeste, SC",4214607
"Rio do Sul, SC",4214805
"Rio Negrinho, SC",4215000
"Rodeio, SC",4215109
"Saltinho, SC",4215356
"Santa Cecília, SC",4215505
"Santa Rosa do Sul, SC",4215653
"Santa Terezinha, SC",4215679
"Santo Amaro da Imperatriz, SC",4215703
"São Bento do Sul, SC",4215802
"São Carlos, SC",4216008
"São Domingos, SC",4216107
"São Francisco do Sul, SC",4216206
"São João Batista, SC",4216305
"São João do Sul, SC",4216404
"São Joaquim, SC",4216503
"São José do Cedro, SC",4216701
"São José do Cerrito, SC",4216800
"São Lourenço do Oeste, SC",4216909
"São Ludgero, SC",4217006
"São Miguel do Oeste, SC",4217204
"São Pedro de Alcântara, SC",4217253
"Seara, SC",4217501
"Serra Alta, SC",4217550
"Sombrio, SC",4217709
"Taió, SC",4217808
"Tangará, SC",4217907
"Tigrinhos, SC",4217956
"Tijucas, SC",4218004
"Timbó, SC",4218202
"Três Barras, SC",4218301
"Treze Tílias, SC",4218509
"Trombudo Central, SC",4218608
"Tubarão, SC",4218707
"Urubici, SC",4218905
"Vargeão, SC",4219101
"Videira, SC",4219309
"Xanxerê, SC",4219507
"Alecrim, RS",4300307
"Alegrete, RS",4300406
"Alto Alegre, RS",4300554
"Alto Feliz, RS",4300570
"Ametista do Sul, RS",4300646
"André da Rocha, RS",4300661
"Antônio Prado, RS",4300802
"Araricá, RS",4300877
"Arroio do Meio, RS",4301008
"Arroio do Sal, RS",4301057
"Arroio Grande, RS",4301305
"Arvorezinha, RS",4301404
"Bagé, RS",4301602
"Balneário Pinhal, RS",4301636
"Barão, RS",4301651
"Barão de Cotegipe, RS",4301701
"Barracão, RS",4301800
"Barra do Guarita, RS",4301859
"Barra do Quaraí, RS",4301875
"Barra do Ribeiro, RS",4301909
"Barra Funda, RS",4301958
"Barros Cassal, RS",4302006
"Bento Gonçalves, RS",4302105
"Boa Vista das Missões, RS",4302154
"Boa Vista do Buricá, RS",4302204
"Boa Vista do Sul, RS",4302253
"Bom Jesus, RS",4302303
"Bom Princípio, RS",4302352
"Bom Progresso, RS",4302378
"Bom Retiro do Sul, RS",4302402
"Boqueirão do Leão, RS",4302451
"Bossoroca, RS",4302501
"Bozano, RS",4302584
"Butiá, RS",4302709
"Caçapava do Sul, RS",4302808
"Cachoeirinha, RS",4303103
"Caibaté, RS",4303301
"Camaquã, RS",4303509
"Cambará do Sul, RS",4303608
"Campestre da Serra, RS",4303673
"Campo Bom, RS",4303905
"Campo Novo, RS",4304002
"Campos Borges, RS",4304101
"Candelária, RS",4304200
"Cândido Godói, RS",4304309
"Candiota, RS",4304358
"Canela, RS",4304408
"Canguçu, RS",4304507
"Canoas, RS",4304606
"Capão Bonito do Sul, RS",4304622
"Capão da Canoa, RS",4304630
"Capivari do Sul, RS",4304671
"Carazinho, RS",4304705
"Carlos Barbosa, RS",4304804
"Casca, RS",4304903
"Caseiros, RS",4304952
"Caxias do Sul, RS",4305108
"Cerrito, RS",4305124
"Cerro Largo, RS",4305207
"Charrua, RS",4305371
"Chuí, RS",4305439
"Cidreira, RS",4305454
"Ciríaco, RS",4305504
"Colinas, RS",4305587
"Condor, RS",4305702
"Coronel Barros, RS",4305871
"Coronel Bicaco, RS",4305900
"Coxilha, RS",4305975
"Crissiumal, RS",4306007
"Cristal, RS",4306056
"Cruz Alta, RS",4306106
"Dezesseis de Novembro, RS",4306353
"Dois Irmãos, RS",4306403
"Dois Lajeados, RS",4306452
"Dona Francisca, RS",4306700
"Doutor Maurício Cardoso, RS",4306734
"Doutor Ricardo, RS",4306759
"Eldorado do Sul, RS",4306767
"Encantado, RS",4306809
"Encruzilhada do Sul, RS",4306908
"Entre-Ijuís, RS",4306932
"Erechim, RS",4307005
"Ernestina, RS",4307054
"Herval, RS",4307104
"Erval Grande, RS",4307203
"Espumoso, RS",4307500
"Estância Velha, RS",4307609
"Esteio, RS",4307708
"Estrela, RS",4307807
"Farroupilha, RS",4307906
"Faxinal do Soturno, RS",4308003
"Fazenda Vilanova, RS",4308078
"Feliz, RS",4308102
"Flores da Cunha, RS",4308201
"Fontoura Xavier, RS",4308300
"Formigueiro, RS",4308409
"Frederico Westphalen, RS",4308508
"Garibaldi, RS",4308607
"Gentil, RS",4308854
"Getúlio Vargas, RS",4308904
"Giruá, RS",4309001
"Glorinha, RS",4309050
"Gramado, RS",4309100
"Gramado Xavier, RS",4309159
"Gravataí, RS",4309209
"Guabiju, RS",4309258
"Guaíba, RS",4309308
"Horizontina, RS",4309605
"Hulha Negra, RS",4309654
"Humaitá, RS",4309704
"Ibiaçá, RS",4309803
"Ibiraiaras, RS",4309902
"Ibirapuitã, RS",4309951
"Ibirubá, RS",4310009
"Igrejinha, RS",4310108
"Ijuí, RS",4310207
"Ilópolis, RS",4310306
"Imbé, RS",4310330
"Imigrante, RS",4310363
"Ipê, RS",4310439
"Itacurubi, RS",4310553
"Itaqui, RS",4310603
"Itati, RS",4310652
"Ivoti, RS",4310801
"Jaguari, RS",4311106
"Júlio de Castilhos, RS",4311205
"Lagoão, RS",4311254
"Lagoa dos Três Cantos, RS",4311270
"Lagoa Vermelha, RS",4311304
"Lajeado, RS",4311403
"Lavras do Sul, RS",4311502
"Lindolfo Collor, RS",4311627
"Mampituba, RS",4311734
"Manoel Viana, RS",4311759
"Maquiné, RS",4311775
"Marau, RS",4311809
"Marcelino Ramos, RS",4311908
"Mariana Pimentel, RS",4311981
"Marques de Souza, RS",4312054
"Mata, RS",4312104
"Mato Castelhano, RS",4312138
"Maximiliano de Almeida, RS",4312203
"Minas do Leão, RS",4312252
"Miraguaí, RS",4312302
"Montenegro, RS",4312401
"Morro Reuter, RS",4312476
"Muçum, RS",4312609
"Muitos Capões, RS",4312617
"Não-Me-Toque, RS",4312658
"Nonoai, RS",4312708
"Nova Araçá, RS",4312807
"Nova Bassano, RS",4312906
"Nova Hartz, RS",4313060
"Nova Pádua, RS",4313086
"Nova Petrópolis, RS",4313201
"Nova Prata, RS",4313300
"Novo Barreiro, RS",4313490
"Osório, RS",4313508
"Paim Filho, RS",4313607
"Palmares do Sul, RS",4313656
"Palmeira das Missões, RS",4313706
"Palmitinho, RS",4313805
"Panambi, RS",4313904
"Pantano Grande, RS",4313953
"Paraí, RS",4314001
"Paraíso do Sul, RS",4314027
"Pareci Novo, RS",4314035
"Parobé, RS",4314050
"Passo Fundo, RS",4314100
"Pejuçara, RS",4314308
"Pelotas, RS",4314407
"Picada Café, RS",4314423
"Pinhal, RS",4314456
"Pinheiro Machado, RS",4314506
"Pinto Bandeira, RS",4314548
"Planalto, RS",4314704
"Pontão, RS",4314779
"Portão, RS",4314803
"Porto Alegre, RS",4314902
"Porto Mauá, RS",4315057
"Porto Vera Cruz, RS",4315073
"Porto Xavier, RS",4315107
"Pouso Novo, RS",4315131
"Progresso, RS",4315156
"Quaraí, RS",4315305
"Redentora, RS",4315404
"Restinga Sêca, RS",4315503
"Rio Grande, RS",4315602
"Rio Pardo, RS",4315701
"Riozinho, RS",4315750
"Roca Sales, RS",4315800
"Rodeio Bonito, RS",4315909
"Rolante, RS",4316006
"Ronda Alta, RS",4316105
"Rondinha, RS",4316204
"Roque Gonzales, RS",4316303
"Rosário do Sul, RS",4316402
"Saldanha Marinho, RS",4316436
"Salvador do Sul, RS",4316501
"Sananduva, RS",4316600
"Santa Cruz do Sul, RS",4316808
"Santa Maria, RS",4316907
"Santana da Boa Vista, RS",4317004
"Santa Rosa, RS",4317202
"Santa Vitória do Palmar, RS",4317301
"Santiago, RS",4317400
"Santo Ângelo, RS",4317509
"Santo Antônio da Patrulha, RS",4317608
"Santo Antônio das Missões, RS",4317707
"Santo Antônio do Planalto, RS",4317756
"Santo Augusto, RS",4317806
"Santo Cristo, RS",4317905
"São Borja, RS",4318002
"São Domingos do Sul, RS",4318051
"São Francisco de Assis, RS",4318101
"São Francisco de Paula, RS",4318200
"São Gabriel, RS",4318309
"São Jerônimo, RS",4318408
"São João da Urtiga, RS",4318424
"São Jorge, RS",4318440
"São José do Herval, RS",4318465
"São José do Norte, RS",4318507
"São José do Ouro, RS",4318606
"São José do Sul, RS",4318614
"São José dos Ausentes, RS",4318622
"São Leopoldo, RS",4318705
"São Luiz Gonzaga, RS",4318903
"São Marcos, RS",4319000
"São Martinho, RS",4319109
"São Miguel das Missões, RS",4319158
"São Nicolau, RS",4319208
"São Paulo das Missões, RS",4319307
"São Pedro do Butiá, RS",4319372
"São Pedro do Sul, RS",4319406
"São Sebastião do Caí, RS",4319505
"São Vendelino, RS",4319752
"São Vicente do Sul, RS",4319802
"Sapiranga, RS",4319901
"Sapucaia do Sul, RS",4320008
"Sarandi, RS",4320107
"Seberi, RS",4320206
"Segredo, RS",4320263
"Selbach, RS",4320305
"Serafina Corrêa, RS",4320404
"Sobradinho, RS",4320701
"Soledade, RS",4320800
"Tapejara, RS",4320909
"Tapera, RS",4321006
"Tapes, RS",4321105
"Taquara, RS",4321204
"Taquari, RS",4321303
"Taquaruçu do Sul, RS",4321329
"Tenente Portela, RS",4321402
"Terra de Areia, RS",4321436
"Tio Hugo, RS",4321469
"Toropi, RS",4321493
"Torres, RS",4321501
"Tramandaí, RS",4321600
"Três Cachoeiras, RS",4321667
"Três Coroas, RS",4321709
"Três de Maio, RS",4321808
"Três Forquilhas, RS",4321832
"Três Palmeiras, RS",4321857
"Três Passos, RS",4321907
"Trindade do Sul, RS",4321956
"Tucunduva, RS",4322103
"Tupanciretã, RS",4322202
"Tuparendi, RS",4322301
"Uruguaiana, RS",4322400
"Vacaria, RS",4322509
"Vanini, RS",4322558
"Venâncio Aires, RS",4322608
"Vera Cruz, RS",4322707
"Veranópolis, RS",4322806
"Vespasiano Corrêa, RS",4322855
"Viadutos, RS",4322905
"Vila Flores, RS",4323309
"Vila Maria, RS",4323408
"Vista Alegre, RS",4323507
"Vista Alegre do Prata, RS",4323606
"Vista Gaúcha, RS",4323705
"Westfália, RS",4323770
"Xangri-lá, RS",4323804
"Água Clara, MS",5000203
"Alcinópolis, MS",5000252
"Amambai, MS",5000609
"Anastácio, MS",5000708
"Anaurilândia, MS",5000807
"Aquidauana, MS",5001102
"Bandeirantes, MS",5001508
"Bataguassu, MS",5001904
"Batayporã, MS",5002001
"Bela Vista, MS",5002100
"Bodoquena, MS",5002159
"Bonito, MS",5002209
"Brasilândia, MS",5002308
"Caarapó, MS",5002407
"Camapuã, MS",5002605
"Campo Grande, MS",5002704
"Caracol, MS",5002803
"Cassilândia, MS",5002902
"Chapadão do Sul, MS",5002951
"Corguinho, MS",5003108
"Coronel Sapucaia, MS",5003157
"Corumbá, MS",5003207
"Costa Rica, MS",5003256
"Coxim, MS",5003306
"Deodápolis, MS",5003454
"Dois Irmãos do Buriti, MS",5003488
"Douradina, MS",5003504
"Dourados, MS",5003702
"Eldorado, MS",5003751
"Fátima do Sul, MS",5003801
"Figueirão, MS",5003900
"Glória de Dourados, MS",5004007
"Guia Lopes da Laguna, MS",5004106
"Iguatemi, MS",5004304
"Inocência, MS",5004403
"Itaporã, MS",5004502
"Itaquiraí, MS",5004601
"Ivinhema, MS",5004700
"Jaraguari, MS",5004908
"Jardim, MS",5005004
"Juti, MS",5005152
"Ladário, MS",5005202
"Maracaju, MS",5005400
"Miranda, MS",5005608
"Mundo Novo, MS",5005681
"Naviraí, MS",5005707
"Nioaque, MS",5005806
"Nova Alvorada do Sul, MS",5006002
"Nova Andradina, MS",5006200
"Paraíso das Águas, MS",5006275
"Paranaíba, MS",5006309
"Paranhos, MS",5006358
"Pedro Gomes, MS",5006408
"Ponta Porã, MS",5006606
"Porto Murtinho, MS",5006903
"Ribas do Rio Pardo, MS",5007109
"Rio Brilhante, MS",5007208
"Rio Negro, MS",5007307
"Rio Verde de Mato Grosso, MS",5007406
"Rochedo, MS",5007505
"Sete Quedas, MS",5007703
"Selvíria, MS",5007802
"Sidrolândia, MS",5007901
"Sonora, MS",5007935
"Tacuru, MS",5007950
"Terenos, MS",5008008
"Três Lagoas, MS",5008305
"Vicentina, MS",5008404
"Água Boa, MT",5100201
"Alta Floresta, MT",5100250
"Alto Boa Vista, MT",5100359
"Alto Garças, MT",5100409
"Alto Taquari, MT",5100607
"Apiacás, MT",5100805
"Araguaiana, MT",5101001
"Araguainha, MT",5101209
"Araputanga, MT",5101258
"Aripuanã, MT",5101407
"Barra do Bugres, MT",5101704
"Barra do Garças, MT",5101803
"Bom Jesus do Araguaia, MT",5101852
"Brasnorte, MT",5101902
"Cáceres, MT",5102504
"Campinápolis, MT",5102603
"Campo Novo do Parecis, MT",5102637
"Campo Verde, MT",5102678
"Campos de Júlio, MT",5102686
"Canabrava do Norte, MT",5102694
"Canarana, MT",5102702
"Carlinda, MT",5102793
"Castanheira, MT",5102850
"Chapada dos Guimarães, MT",5103007
"Cláudia, MT",5103056
"Cocalinho, MT",5103106
"Colíder, MT",5103205
"Colniza, MT",5103254
"Comodoro, MT",5103304
"Confresa, MT",5103353
"Conquista D'Oeste, MT",5103361
"Cotriguaçu, MT",5103379
"Cuiabá, MT",5103403
"Curvelândia, MT",5103437
"Diamantino, MT",5103502
"Dom Aquino, MT",5103601
"Feliz Natal, MT",5103700
"General Carneiro, MT",5103908
"Glória D'Oeste, MT",5103957
"Guarantã do Norte, MT",5104104
"Guiratinga, MT",5104203
"Indiavaí, MT",5104500
"Ipiranga do Norte, MT",5104526
"Itanhangá, MT",5104542
"Itaúba, MT",5104559
"Itiquira, MT",5104609
"Jaciara, MT",5104807
"Jangada, MT",5104906
"Jauru, MT",5105002
"Juara, MT",5105101
"Juína, MT",5105150
"Juruena, MT",5105176
"Juscimeira, MT",5105200
"Lucas do Rio Verde, MT",5105259
"Luciara, MT",5105309
"Vila Bela da Santíssima Trindade, MT",5105507
"Marcelândia, MT",5105580
"Matupá, MT",5105606
"Nobres, MT",5105903
"Nova Bandeirantes, MT",5106158
"Nova Lacerda, MT",5106182
"Nova Santa Helena, MT",5106190
"Nova Brasilândia, MT",5106208
"Nova Canaã do Norte, MT",5106216
"Nova Ubiratã, MT",5106240
"Nova Xavantina, MT",5106257
"Novo Mundo, MT",5106265
"Novo Horizonte do Norte, MT",5106273
"Novo São Joaquim, MT",5106281
"Paranaíta, MT",5106299
"Paranatinga, MT",5106307
"Novo Santo Antônio, MT",5106315
"Pedra Preta, MT",5106372
"Peixoto de Azevedo, MT",5106422
"Planalto da Serra, MT",5106455
"Pontal do Araguaia, MT",5106653
"Ponte Branca, MT",5106703
"Pontes e Lacerda, MT",5106752
"Porto Alegre do Norte, MT",5106778
"Porto dos Gaúchos, MT",5106802
"Porto Esperidião, MT",5106828
"Poxoréu, MT",5107008
"Primavera do Leste, MT",5107040
"Ribeirão Cascalheira, MT",5107180
"Ribeirãozinho, MT",5107198
"Rio Branco, MT",5107206
"Santa Carmem, MT",5107248
"São José do Povo, MT",5107297
"São José do Rio Claro, MT",5107305
"São José do Xingu, MT",5107354
"São Pedro da Cipa, MT",5107404
"Rondonópolis, MT",5107602
"Rosário Oeste, MT",5107701
"Santa Cruz do Xingu, MT",5107743
"Salto do Céu, MT",5107750
"Santa Rita do Trivelato, MT",5107768
"Santa Terezinha, MT",5107776
"Santo Antônio do Leste, MT",5107792
"São Félix do Araguaia, MT",5107859
"Sapezal, MT",5107875
"Serra Nova Dourada, MT",5107883
"Sinop, MT",5107909
"Sorriso, MT",5107925
"Tabaporã, MT",5107941
"Tangará da Serra, MT",5107958
"Tapurah, MT",5108006
"Terra Nova do Norte, MT",5108055
"Torixoréu, MT",5108204
"União do Sul, MT",5108303
"Vale de São Domingos, MT",5108352
"Várzea Grande, MT",5108402
"Vera, MT",5108501
"Vila Rica, MT",5108600
"Nova Maringá, MT",5108907
"Nova Monte Verde, MT",5108956
"Abadiânia, GO",5200100
"Águas Lindas de Goiás, GO",5200258
"Alexânia, GO",5200308
"Aloândia, GO",5200506
"Alto Horizonte, GO",5200555
"Alto Paraíso de Goiás, GO",5200605
"Alvorada do Norte, GO",5200803
"Amorinópolis, GO",5200902
"Anápolis, GO",5201108
"Aparecida de Goiânia, GO",5201405
"Aparecida do Rio Doce, GO",5201454
"Aporé, GO",5201504
"Aragarças, GO",5201702
"Aragoiânia, GO",5201801
"Araguapaz, GO",5202155
"Arenópolis, GO",5202353
"Aruanã, GO",5202502
"Aurilândia, GO",5202601
"Barro Alto, GO",5203203
"Bom Jardim de Goiás, GO",5203401
"Bonfinópolis, GO",5203559
"Britânia, GO",5203807
"Buriti Alegre, GO",5203906
"Cabeceiras, GO",5204003
"Cachoeira Alta, GO",5204102
"Cachoeira Dourada, GO",5204250
"Caçu, GO",5204300
"Caiapônia, GO",5204409
"Caldas Novas, GO",5204508
"Campinaçu, GO",5204656
"Campinorte, GO",5204706
"Campo Limpo de Goiás, GO",5204854
"Campos Belos, GO",5204904
"Campos Verdes, GO",5204953
"Castelândia, GO",5205059
"Catalão, GO",5205109
"Cavalcante, GO",5205307
"Ceres, GO",5205406
"Chapadão do Céu, GO",5205471
"Cidade Ocidental, GO",5205497
"Cocalzinho de Goiás, GO",5205513
"Corumbá de Goiás, GO",5205802
"Corumbaíba, GO",5205901
"Cristalina, GO",5206206
"Cristianópolis, GO",5206305
"Crixás, GO",5206404
"Cromínia, GO",5206503
"Diorama, GO",5207105
"Doverlândia, GO",5207253
"Edealina, GO",5207352
"Edéia, GO",5207402
"Estrela do Norte, GO",5207501
"Faina, GO",5207535
"Fazenda Nova, GO",5207600
"Firminópolis, GO",5207808
"Formosa, GO",5208004
"Goiás, GO",5208905
"Goiatuba, GO",5209101
"Hidrolina, GO",5209804
"Iaciara, GO",5209903
"Indiara, GO",5209952
"Inhumas, GO",5210000
"Ipameri, GO",5210109
"Ipiranga de Goiás, GO",5210158
"Iporá, GO",5210208
"Israelândia, GO",5210307
"Itaberaí, GO",5210406
"Itajá, GO",5210802
"Itapaci, GO",5210901
"Itapirapuã, GO",5211008
"Itarumã, GO",5211305
"Itauçu, GO",5211404
"Itumbiara, GO",5211503
"Ivolândia, GO",5211602
"Jaraguá, GO",5211800
"Jataí, GO",5211909
"Jaupaci, GO",5212006
"Joviânia, GO",5212105
"Jussara, GO",5212204
"Leopoldo de Bulhões, GO",5212303
"Luziânia, GO",5212501
"Mairipotaba, GO",5212600
"Mara Rosa, GO",5212808
"Marzagão, GO",5212907
"Matrinchã, GO",5212956
"Maurilândia, GO",5213004
"Minaçu, GO",5213087
"Mineiros, GO",5213103
"Monte Alegre de Goiás, GO",5213509
"Montes Claros de Goiás, GO",5213707
"Montividiu do Norte, GO",5213772
"Morrinhos, GO",5213806
"Mozarlândia, GO",5214002
"Mundo Novo, GO",5214051
"Mutunópolis, GO",5214101
"Nazário, GO",5214408
"Nerópolis, GO",5214507
"Nova América, GO",5214705
"Nova Crixás, GO",5214838
"Nova Glória, GO",5214861
"Novo Planalto, GO",5215256
"Orizona, GO",5215306
"Palmeiras de Goiás, GO",5215702
"Palminópolis, GO",5215900
"Panamá, GO",5216007
"Paranaiguara, GO",5216304
"Paraúna, GO",5216403
"Perolândia, GO",5216452
"Petrolina de Goiás, GO",5216809
"Pilar de Goiás, GO",5216908
"Piracanjuba, GO",5217104
"Piranhas, GO",5217203
"Pirenópolis, GO",5217302
"Pires do Rio, GO",5217401
"Planaltina, GO",5217609
"Pontalina, GO",5217708
"Porangatu, GO",5218003
"Portelândia, GO",5218102
"Posse, GO",5218300
"Professor Jamil, GO",5218391
"Quirinópolis, GO",5218508
"Rialma, GO",5218607
"Rianápolis, GO",5218706
"Rio Quente, GO",5218789
"Rio Verde, GO",5218805
"Rubiataba, GO",5218904
"Santa Bárbara de Goiás, GO",5219100
"Santa Fé de Goiás, GO",5219258
"Santa Isabel, GO",5219357
"Santa Rita do Araguaia, GO",5219407
"Santa Tereza de Goiás, GO",5219605
"Santa Terezinha de Goiás, GO",5219704
"Santo Antônio da Barra, GO",5219712
"São Domingos, GO",5219803
"São Francisco de Goiás, GO",5219902
"São João da Paraúna, GO",5220058
"São Luís de Montes Belos, GO",5220108
"São Luiz do Norte, GO",5220157
"São Miguel do Araguaia, GO",5220207
"São Patrício, GO",5220280
"Senador Canedo, GO",5220454
"Serranópolis, GO",5220504
"Silvânia, GO",5220603
"Teresina de Goiás, GO",5221080
"Terezópolis de Goiás, GO",5221197
"Trindade, GO",5221403
"Turvânia, GO",5221502
"Uruaçu, GO",5221601
"Urutaí, GO",5221809
"Valparaíso de Goiás, GO",5221858
"Vicentinópolis, GO",5222054
"Brasília, DF",5300108
